127.0.0.1;PostmanRuntime/7.43.0;1733442523;POST;/register;e2b8de5272cb059865510acbf12c23b921bd426d
127.0.0.1;PostmanRuntime/7.43.0;1733442548;POST;/register;e2b8de5272cb059865510acbf12c23b921bd426d
127.0.0.1;PostmanRuntime/7.43.0;1733442585;POST;/register;e2b8de5272cb059865510acbf12c23b921bd426d
127.0.0.1;PostmanRuntime/7.43.0;1733442611;POST;/register;e2b8de5272cb059865510acbf12c23b921bd426d
127.0.0.1;PostmanRuntime/7.43.0;1733442631;POST;/register;e2b8de5272cb059865510acbf12c23b921bd426d
127.0.0.1;PostmanRuntime/7.43.0;1733442635;POST;/register;e2b8de5272cb059865510acbf12c23b921bd426d
127.0.0.1;PostmanRuntime/7.43.0;1733442636;POST;/register;e2b8de5272cb059865510acbf12c23b921bd426d
127.0.0.1;PostmanRuntime/7.43.0;1733442644;POST;/login;e2b8de5272cb059865510acbf12c23b921bd426d
127.0.0.1;PostmanRuntime/7.43.0;1733442653;POST;/login;e2b8de5272cb059865510acbf12c23b921bd426d
127.0.0.1;PostmanRuntime/7.43.0;1733442658;POST;/login;e2b8de5272cb059865510acbf12c23b921bd426d
127.0.0.1;PostmanRuntime/7.43.0;1733442691;POST;/login;e2b8de5272cb059865510acbf12c23b921bd426d
127.0.0.1;PostmanRuntime/7.43.0;1733442696;POST;/register;e2b8de5272cb059865510acbf12c23b921bd426d
127.0.0.1;PostmanRuntime/7.43.0;1733442738;POST;/register;e2b8de5272cb059865510acbf12c23b921bd426d
